Model,Num_Parameters,Train_Loss,Validation_Loss,Test_Loss
CustomBaselineCNN,430723,0.0012874159177667216,0.0010917234668537032,0.0010441011114065723
